sigla,numero,ano,data,codigo_materia,link,ementa
PEC,32,2019,2019-03-26,135977,https://www25.senado.leg.br/web/atividade/materias/-/materia/135977,"Altera a redação do art. 228 da Constituição Federal, a fim de reduzir a maioridade penal para dezesseis anos."
PEC,80,2019,2019-05-21,136894,https://www25.senado.leg.br/web/atividade/materias/-/materia/136894,"Altera os artigos 182 e 186 da Constituição Federal para dispor sobre a função social da propriedade urbana e rural."
PL,1451,2019,2019-03-13,135687,https://www25.senado.leg.br/web/atividade/materias/-/materia/135687,"Altera o Decreto nº 24.602, de 06 de julho de 1934, que “Dispõem sobre instalação e fiscalização de fábricas e comércio de armas municções, explosivos, produtos químicos agressivos e matérias correlatas”, para aperfeiçoar as regras sobre a matéria."
PL,1715,2019,2019-03-21,135938,https://www25.senado.leg.br/web/atividade/materias/-/materia/135938,"Revoga o § 2º do art. 342 do Código Penal para suprimir a possibilidade de extinção de punibilidade pela retratação no crime de falso testemunho ou falsa perícia."
PL,1867,2019,2019-03-28,136027,https://www25.senado.leg.br/web/atividade/materias/-/materia/136027,"Acrescenta o art. 320-B à Lei nº 9.503, de 23 de setembro de 1997, para limitar a remuneração de empresas prestadoras de serviços de instalação e manutenção de equipamentos de fiscalização eletrônica do trânsito em até 20% do montante aferido com a arrecadação de multas."
PL,2167,2019,2019-04-08,136253,https://www25.senado.leg.br/web/atividade/materias/-/materia/136253,"Altera os incisos III e VI do art. 21 da Lei nº 9.503, de 1997, que “Institui o Código de Trânsito Brasileiro” para disciplinar a aplicação das infrações e penalidades delas decorrentes por excesso de velocidade cometidas por veículos automotores, elétricos, reboques e semirreboques nas vias públicas somente quando aferidas por redutor eletrônico de velocidade fixo dotado de registro de velocidade em “display”, visíveis a distância segura mesmo em dias de visibilidade reduzida, sob pena de nulidade do ato administrativo correspondente."
PL,2169,2019,2019-04-05,136254,https://www25.senado.leg.br/web/atividade/materias/-/materia/136254,"Modifica a Lei nº 8.069, de 13 de julho de 1990, que dispõe sobre o Estatuto da Criança e do Adolescente, alterando para 07 (sete) anos o prazo da medida sócio-educativa de internação aplicável aos atos infracionais e, por conseguinte, altera o prazo da liberação compulsória para vinte e cinco anos de idade."
PL,2170,2019,2019-04-05,136251,https://www25.senado.leg.br/web/atividade/materias/-/materia/136251,"Altera a Lei nº 9.394, de 20 de dezembro de 1996, que estabelece as diretrizes e bases da educação nacional, para incluir empreendedorismo, matemática financeira, educação moral e cívica e organização social e política do Brasil - OSPB no rol dos temas transversais obrigatórios da educação básica."
PL,2171,2019,2019-04-05,136252,https://www25.senado.leg.br/web/atividade/materias/-/materia/136252,"Altera o Código Penal para definir o crime de arrastão."
PL,2175,2019,2019-04-09,136262,https://www25.senado.leg.br/web/atividade/materias/-/materia/136262,"Altera o Código Penal para prever agravamento de pena em razão do emprego de brinquedos, réplicas e simulacros de armas de fogo."
PL,2362,2019,2019-04-16,136371,https://www25.senado.leg.br/web/atividade/materias/-/materia/136371,"Revoga o Capítulo IV - Da Reserva Legal, da Lei nº 12.651, de 25 de maio de 2012, que dispõe  sobre a proteção da vegetação nativa, para garantir o direito constitucional de propriedade."
PL,2393,2019,2019-04-17,136390,https://www25.senado.leg.br/web/atividade/materias/-/materia/136390,"Altera o Código Penal para dispor sobre a legítima defesa da sociedade pelo agente de segurança pública."
PL,3071,2019,2019-05-22,136918,https://www25.senado.leg.br/web/atividade/materias/-/materia/136918,"Altera a Lei 13.756 de 2018 para incluir a Associação Brasileira Beneficente de Reabilitação -ABBR no destino da arrecadação das loterias."
PL,3132,2019,2019-05-24,136970,https://www25.senado.leg.br/web/atividade/materias/-/materia/136970,"Altera o Decreto-Lei nº 2.848, de 7 de dezembro de 1940 (Código Penal), para revogar a atenuante da menoridade e a redução dos prazos prescricionais ao menor de 21 (vinte e um) anos."
PL,3133,2019,2019-05-24,136978,https://www25.senado.leg.br/web/atividade/materias/-/materia/136978,"Altera o art. 64 do Decreto-Lei nº 2.848, de 7 de dezembro de 1940 – Código Penal, para prever que o condenado por estupro de menor de quatorze anos será considerado reincidente, independentemente de o novo crime ter sido cometido após passados mais de cinco anos do cumprimento ou da extinção da pena."
PL,3462,2019,2019-06-06,137241,https://www25.senado.leg.br/web/atividade/materias/-/materia/137241,"Altera o Decreto Lei nº 2.848, de 07 de dezembro de 1940 (Código Penal) para incluir como causa de aumento de pena na denunciação caluniosa a imputação falsa de crime hediondo."
PL,3589,2019,2019-06-13,137330,https://www25.senado.leg.br/web/atividade/materias/-/materia/137330,"Altera a Lei nº 5.991, de 17 de dezembro de 1973, que dispõe sobre o controle sanitário do comércio de drogas, medicamentos, insumos farmacêuticos e correlatos, e dá outras providências, para permitir a dispensação de medicamentos em todos os estabelecimentos comerciais."
PL,4640,2019,2019-08-20,138227,https://www25.senado.leg.br/web/atividade/materias/-/materia/138227,"Acrescenta o art. 25-A ao Decreto-Lei nº 2.848, de 7 de dezembro de 1940 – Código Penal, para prever a excludente de ilicitude designada por “suicídio por policial”."
PL,6479,2019,2019-12-17,140268,https://www25.senado.leg.br/web/atividade/materias/-/materia/140268,"Institui a região da Costa Verde, nos termos que especifica, como Área Especial de Interesse Turístico."
PLP,132,2019,2019-05-13,136764,https://www25.senado.leg.br/web/atividade/materias/-/materia/136764,"Altera a Lei Complementar nº 159, de 19 de maio de 2017, que institui o Regime de Recuperação Fiscal dos Estados e do Distrito Federal, para dispor sobre a renúncia de receita em caso de comprovação de benefício fiscal futuro."
PLP,214,2019,2019-09-11,138702,https://www25.senado.leg.br/web/atividade/materias/-/materia/138702,"Altera o art. 61-A da Lei Complementar n° 123, de 14 de dezembro de 2006, para regular a remuneração do investidor-anjo e excetuar as hipóteses de responsabilidade solidária."
PL,1174,2020,2020-03-30,141305,https://www25.senado.leg.br/web/atividade/materias/-/materia/141305,"Dispõe sobre a realização de Assembleias Gerais de Acionistas e Reuniões de Sócios com possibilidade de votação e participação a distância, por meio da rede mundial de computadores (internet) e do emprego de outras tecnologias, autoriza a utilização de mecanismos de registro eletrônico e dá outras providências"
PL,3324,2020,2020-06-16,142510,https://www25.senado.leg.br/web/atividade/materias/-/materia/142510,"Altera a Lei nº 10.406, de 10 de janeiro de 2002 para autorizar a emissão de debêntures por sociedades limitadas e cooperativas."
PL,2326,2021,2021-06-25,148902,https://www25.senado.leg.br/web/atividade/materias/-/materia/148902,"Altera a Lei nº 8.078, de 11 de setembro de 1990, para estabelecer parâmetros na oferta de produtos e serviços ao consumidor."
PL,2327,2021,2021-06-25,148903,https://www25.senado.leg.br/web/atividade/materias/-/materia/148903,"Altera a Lei nº 12.305, de 2 de agosto de 2010, para tratar da logística reversa para baterias de veículos elétricos."
PL,2734,2021,2021-08-05,149286,https://www25.senado.leg.br/web/atividade/materias/-/materia/149286,"Altera a Lei nº 8.906, de 4 de julho de 1994, e a Lei nº 10.826, de 22 de dezembro de 2003, para conceder porte de arma de fogo aos advogados, para defesa pessoal."
PL,4475,2021,2021-12-15,151329,https://www25.senado.leg.br/web/atividade/materias/-/materia/151329,"Altera o art. 329 do Decreto-Lei nº 2.848, de 7 de dezembro de 1940 (Código Penal), para estabelecer tipos penais qualificados para o crime de resistência."
PL,4476,2021,2021-12-15,151330,https://www25.senado.leg.br/web/atividade/materias/-/materia/151330,"Altera o art. 218-A do Decreto-Lei nº 2.848, de 7 de dezembro de 1940 (Código Penal), para tipificar a conduta de submeter menor de 14 (catorze) anos a presenciar evento cultural ou artístico que contenha nudez ou simule atos de lascívia ou sexo explícito."
PLP,157,2021,2021-10-13,150245,https://www25.senado.leg.br/web/atividade/materias/-/materia/150245,"Autoriza o Poder Executivo a criar a Região Administrativa Integrada de Desenvolvimento Sustentável da Costa Verde/RJ e o Programa Especial de Desenvolvimento do Polo Turístico, integrado pelos municípios de Angra dos Reis, Paraty e Mangaratiba."
PL,828,2022,2022-04-05,152626,https://www25.senado.leg.br/web/atividade/materias/-/materia/152626,"Altera o Decreto-Lei nº 2.848, de 7 de dezembro de 1940 – Código Penal, para aumentar as penas previstas para o furto e receptação de petróleo ou seus derivados, gás natural ou suas frações recuperáveis, álcool etílico hidratado carburante ou demais combustíveis líquidos carburantes."
PL,829,2022,2022-04-05,152627,https://www25.senado.leg.br/web/atividade/materias/-/materia/152627,"Altera o art. 129 do Decreto-Lei nº 2.848, de 7 de dezembro de 1940 (Código Penal), e o art. 1º da Lei nº 8.072, de 25 de julho de 1990, para incluir o parentesco civil na causa de aumento de pena de lesão corporal praticada contra autoridade ou agente descrito nos arts. 142 e 144 da Constituição Federal, integrantes do sistema prisional ou da Força Nacional de Segurança Pública, bem como para incluir no rol dos crimes hediondos a lesão corporal dolosa de natureza gravíssima e lesão corporal seguida de morte quando praticadas contra parentes por afinidade dos referidos agentes ou autoridades."
PL,830,2022,2022-04-05,152628,https://www25.senado.leg.br/web/atividade/materias/-/materia/152628,"Altera a Lei nº 8.069, de 13 de julho de 1990 - Estatuto da Criança e do Adolescente, para aumentar as penas dos crimes previstos nos arts. 240, 241, 241-A a 241-D; bem como incluir a internet entre os possíveis meios de aliciamento, assédio, instigação ou constrangimento e, nesses casos, prever causa de aumento de pena para quem se vale de perfil em redes sociais para interagir com criança ou pratica abuso psicológico."
PL,969,2022,2022-04-19,152773,https://www25.senado.leg.br/web/atividade/materias/-/materia/152773,"Altera a Lei nº 13.019, de 31 de julho de 2014, para incluir o esporte dentre as atividades previstas como pressuposto para dispensa de chamamento público."
PDL,107,2023,2023-04-10,156769,https://www25.senado.leg.br/web/atividade/materias/-/materia/156769,"Susta os efeitos do Decreto nº 11.466, de 5 de abril 2023, que trata da metodologia para comprovação da capacidade econômico financeira dos prestadores de serviços públicos de abastecimento de água potável ou de esgotamento sanitário e o Decreto nº 11.467, de 5 de abril de 2023, que dispõe sobre a prestação regionalizada dos serviços públicos de saneamento básico, o apoio técnico e financeiro de que trata o art. 13 da Lei nº 14.026, de 15 de julho de 2020."
PDL,193,2023,2023-07-25,158826,https://www25.senado.leg.br/web/atividade/materias/-/materia/158826,"Susta os efeitos do Decreto nº 11.615, de 21 de julho de 2023, que regulamenta a Lei nº 10.826, de 22 de dezembro de 2003, para estabelecer regras e procedimentos relativos à aquisição, ao registro, à posse, ao porte, ao cadastro e à comercialização nacional de armas de fogo, munições e acessórios, disciplinar as atividades de caça excepcional, de caça de subsistência, de tiro desportivo e de colecionamento de armas de fogo, munições e acessórios, disciplinar o funcionamento das entidades de tiro desportivo e dispor sobre a estruturação do Sistema Nacional de Armas - Sinarm."
PL,2109,2023,2023-04-25,157069,https://www25.senado.leg.br/web/atividade/materias/-/materia/157069,"Altera o Código Penal para prever que o ato preparatório no crime de massa é punível em caso de crime que implique lesão ou morte de três ou mais pessoas."
PL,3165,2023,2023-06-20,158333,https://www25.senado.leg.br/web/atividade/materias/-/materia/158333,"Altera a Lei nº 9.503, de 23 de setembro de 1997 (Código de Trânsito Brasileiro), para modificar as regras sobre remoção de veículo em caso de estacionamento proibido."
PL,5335,2023,2023-11-06,160817,https://www25.senado.leg.br/web/atividade/materias/-/materia/160817,"Altera a Lei 10.257, de 10 de julho de 200, para incluir normas sobre concessão de uso especial para fins de moradia e concede aos possuidores irregulares de imóveis urbanos até 80 m2 (oitenta metros quadrados) em terreno da União, do Estado ou Município, o título definitivo de propriedade do bem, na forma que dispõe."
PL,6043,2023,2023-12-14,161629,https://www25.senado.leg.br/web/atividade/materias/-/materia/161629,"Altera a Lei 9.472, de 16 de julho de 1997, para tornar obrigatório o bloqueio do código IMEI (Identificação Internacional de Equipamento Móvel) a contar da realização de boletim de ocorrência ou de outro documento equivalente emitido por órgão policial nas hipóteses de furto, roubo ou extravio de aparelho de telefone celular."
PL,6131,2023,2023-12-20,161721,https://www25.senado.leg.br/web/atividade/materias/-/materia/161721,"Altera os arts. 155 e 157 do Decreto-Lei nº 2.848, de 07 de dezembro de 1940 (Código Penal), para dispor sobre os crimes de furto e roubo praticados com a finalidade de a vítima ceder o uso de seu aparelho celular."
PRS,19,2023,2023-03-02,155978,https://www25.senado.leg.br/web/atividade/materias/-/materia/155978,"Estabelece que as concessões de garantia pela União, direta ou indiretamente, em operações de crédito à exportação de valor superior a US$ 100 milhões (cem milhões de dólares dos Estados Unidos da América), deverão ser previamente autorizadas pelo Senado Federal."
PEC,53,2024,2024-12-19,166887,https://www25.senado.leg.br/web/atividade/materias/-/materia/166887,"Dá nova redação à alínea “d” do inciso XXXVIII do art. 5º da Constituição Federal para excetuar da competência do Tribunal do Júri os crimes dolosos contra a vida praticados por integrantes de associação criminosa, milícia privada e organização criminosa."
PL,517,2024,2024-02-29,162279,https://www25.senado.leg.br/web/atividade/materias/-/materia/162279,"Altera a Lei nº 14.597, de 14 de junho de 2023, que institui a Lei Geral do Esporte, para estabelecer medidas de proteção ao atleta profissional, deveres e responsabilidades das organizações esportivas, bem como definir o crime de violência física e moral contra o atleta profissional e dá outras providências."
PL,4082,2024,2024-10-25,165920,https://www25.senado.leg.br/web/atividade/materias/-/materia/165920,"Veda a concessão de liberdade provisória e aplicação de medidas cautelares diversas à prisão para presos em flagrante pela prática de crimes hediondos ou aqueles a ele equiparados."
PDL,29,2025,2025-01-07,167042,https://www25.senado.leg.br/web/atividade/materias/-/materia/167042,"Susta o Decreto nº 12.341, de 23 de dezembro de 2024."
PDL,96,2025,2025-02-21,167313,https://www25.senado.leg.br/web/atividade/materias/-/materia/167313,"Susta os efeitos a Portaria MAPA/SDA Nº 1179, de 05 setembro de 2024 e a Portaria SDA/MAPA Nº 1.244, de 18 de fevereiro de 2025."
PDL,1165,2025,2025-12-10,172022,https://www25.senado.leg.br/web/atividade/materias/-/materia/172022,"Susta o Decreto nº 12.774, de 09 de dezembro de 2025."
PL,494,2025,2025-02-18,167238,https://www25.senado.leg.br/web/atividade/materias/-/materia/167238,"Altera o art. 155 do Decreto-Lei nº 2.848, de 07 de dezembro de 1940 (Código Penal) para dispor sobre o crime de furto de aparelho de celular"
PL,1950,2025,2025-04-29,168298,https://www25.senado.leg.br/web/atividade/materias/-/materia/168298,"Dispõe da devolução dos descontos não autorizados em folha de pagamento dos benefícios previdenciários relativos a mensalidades de associações."
PL,3300,2025,2025-07-08,169490,https://www25.senado.leg.br/web/atividade/materias/-/materia/169490,"Altera a Lei 8.078, de 11 de setembro de 1990 (Código de Defesa do Consumidor), para estabelecer o direito à troca imotivada de produtos adquiridos no comércio físico ou eletrônico e dá outras providências."
PL,3846,2025,2025-08-11,169779,https://www25.senado.leg.br/web/atividade/materias/-/materia/169779,"Dispõe sobre a isenção de cobrança de taxas de pouso, decolagem ou uso de infraestrutura rodoviária por aeronaves civis de uso público em missões oficiais de segurança pública, saúde e defesa civil."
PL,3980,2025,2025-08-13,169904,https://www25.senado.leg.br/web/atividade/materias/-/materia/169904,"Dispõe sobre a obrigatoriedade de cobertura integral e prioritária, no âmbito do Sistema Único de Saúde (SUS), de exames diagnósticos especializados para identificação precoce do Transtorno do Espectro Autista (TEA) e dá outras providências."
PL,4244,2025,2025-08-27,170061,https://www25.senado.leg.br/web/atividade/materias/-/materia/170061,"Altera a Lei 2.848, de 7 de setembro de 1940 (Código Penal), para incluir como circunstância agravante, a prática de crime na presença de criança ou adolescente; e altera a Lei 11.343 de 23 de agosto de 2006 (Lei de Drogas), para incluir causa de aumento de pena."
PL,4597,2025,2025-09-16,170485,https://www25.senado.leg.br/web/atividade/materias/-/materia/170485,"Altera o Decreto-Lei nº 2.848, de 7 de dezembro de 1940 (Código Penal), para incluir como qualificadora do crime de homicídio o uso de drones ou dispositivos remotos ou automatizados que dificultem ou impossibilitem a defesa da vítima; modifica a Lei nº 10.826, de 22 de dezembro de 2003 (Estatuto do Desarmamento), para agravar condutas relacionadas ao uso de armamento com drones ou tecnologia autônoma; e altera a Lei nº 11.343, de 23 de agosto de 2006 (Lei de Drogas), para aumentar a pena em casos de crimes cometidos com o emprego desses meios tecnológicos."
PL,4598,2025,2025-09-16,170486,https://www25.senado.leg.br/web/atividade/materias/-/materia/170486,"Altera o Decreto Lei 2.848, de 7 de dezembro de 1940 (Código Penal), para incluir como circunstância agravante, a prática de crime contra a pessoa com deficiência ou neurodivergente e para estender a causa de aumento de pena, tornando-a aplicável independentemente do local da prática do crime."
PL,4963,2025,2025-10-06,170769,https://www25.senado.leg.br/web/atividade/materias/-/materia/170769,"Altera o Decreto-Lei nº 2.848, de 7 de dezembro de 1940 (Código Penal), para acrescentar parágrafos ao art. 272, e modifica a Lei nº 8.072, de 25 de julho de 1990, para incluir entre os crimes hediondos as hipóteses qualificadas de falsificação, corrupção, adulteração ou alteração de substância, produto alimentício ou bebidas destinadas a consumo com resultado lesão grave ou morte."
PL,5115,2025,2025-10-14,170925,https://www25.senado.leg.br/web/atividade/materias/-/materia/170925,"Altera as Lei nº 8.742, de 7 de dezembro de 1993, e nº 10.741, de 1º de outubro de 2003, para determinar a instalação de centros-dia para pessoas idosas atendidas no âmbito do Sistema Único de Assistência Social (Suas)."
PL,5593,2025,2025-11-03,171423,https://www25.senado.leg.br/web/atividade/materias/-/materia/171423,"Altera o Decreto-Lei nº 2.848, de 7 de dezembro de 1940 (Código Penal), para incluir expressamente o advogado como sujeito passivo na qualificadora do homicídio."
PL,5594,2025,2025-11-03,171424,https://www25.senado.leg.br/web/atividade/materias/-/materia/171424,"Altera o Decreto-Lei nº 2.848, de 7 de dezembro de 1940 (Código Penal), para agravar as penas do crime de atentado contra a segurança de transporte marítimo, fluvial ou aéreo, prever formas qualificadas quando da ocorrência de resultado lesivo e aperfeiçoar a modalidade culposa."
PL,5646,2025,2025-11-04,171453,https://www25.senado.leg.br/web/atividade/materias/-/materia/171453,"Altera a Lei nº 7.565, de 19 de dezembro de 1986 (Código Brasileiro de Aeronáutica), para dispor sobre a interceptação, neutralização e abate de Aeronaves Remotamente Pilotadas (ARP) por órgãos de segurança pública, bem como para regulamentar o emprego de Contramedidas Anti-Drones (CAD) no território nacional, em situações de ameaça à segurança pública, à vida humana ou à ordem nacional."
PEC,4,2026,2026-03-02,172830,https://www25.senado.leg.br/web/atividade/materias/-/materia/172830,"Altera a Constituição Federal para determinar a inelegibilidade para o cargo de Presidente da República no período subsequente."
PL,1019,2026,2026-03-09,172949,https://www25.senado.leg.br/web/atividade/materias/-/materia/172949,"Institui a Política Nacional de Unidades de Pronto Atendimento à Mulher - UPAM, destinadas ao atendimento humanizado e especializado à saúde da mulher no âmbito do Sistema Único de Saúde - SUS, e dá outras providências."
PL,1400,2026,2026-03-25,173320,https://www25.senado.leg.br/web/atividade/materias/-/materia/173320,"Altera a Lei nº 11.340, de 7 de agosto de 2006, para autorizar a autoridade policial a conceder, em caráter imediato, medidas protetivas de urgência em casos de violência doméstica e familiar contra a mulher, e dispõe sobre o controle judicial subsequente."
PL,2809,2026,2026-06-02,174418,https://www25.senado.leg.br/web/atividade/materias/-/materia/174418,"Altera a Lei nº 10.741, de 1º de outubro de 2003 (Estatuto do Idoso), para dispor sobre o apoio de equipe multidisciplinar nos processos judiciais que envolvam pessoa idosa."
PL,3211,2026,2026-06-18,174772,https://www25.senado.leg.br/web/atividade/materias/-/materia/174772,"Institui o Dia Nacional do Antissemitismo Jamais; estabelece diretrizes para a promoção de políticas de prevenção e combate ao antissemitismo no Brasil; fortalece as relações históricas, culturais e institucionais entre a República Federativa do Brasil e o Estado de Israel; e incentiva ações de cooperação e valorização da amizade entre as duas nações."
PL,5196,2026,2026-08-27,175586,https://www25.senado.leg.br/web/atividade/materias/-/materia/175586,"Altera os art. 61, 62 e 65 do Decreto-Lei nº 2.848, de 7 de dezembro de 1940 (Código Penal), para estabelecer as frações para as circunstâncias agravantes e atenuantes, bem como para prever patamar superior de agravamento em caso de multirreincidência."
